context,question,answer,groundedness_score,groundedness_eval,relevance_score,relevance_eval,standalone_score,standalone_eval
"Bón đạm cho lúa vào thời kỳ nào là tốt nhất?
Thời điểm thích hợp nhất để bà con bón đạm cho cây lúa là trước lúc cấy và lúc cây lúa bắt đầu làm đòng. Bà con chú ý không nên bón đạm cho lúa khi vừa cấy xong.

Khi quan sát thấy trời sắp mưa bà con không nên bón đạm vì như vậy lượng đạm vừa bón sẽ dễ bị rửa trôi; nắng nóng gay gắt vào buổi trưa, đầu giờ chiều cũng không nên bón đạm vì đạm dễ bị bay hơi. Vào buổi sáng hoặc chiều tối là thời điểm bón đạm tốt nhất.",Khi nào là thời điểm tốt nhất để bón đạm cho lúa?,"Thời điểm tốt nhất để bón đạm cho lúa là trước lúc cấy và lúc cây lúa bắt đầu làm đòng. Bà con chú ý không nên bón đạm cho lúa khi vừa cấy xong. Khi quan sát thấy trời sắp mưa bà con không nên bón đạm vì như vậy lượng đạm vừa bón sẽ dễ bị rửa trôi; nắng nóng gay gắt vào buổi trưa, đầu giờ chiều cũng không nên bón đạm vì đạm dễ bị bay hơi. Vào buổi sáng hoặc chiều tối là thời điểm bón đạm tốt nhất.",5,"Câu hỏi có thể trả lời rõ ràng với bối cảnh đã cho.

",1,"Câu hỏi này không liên quan đến việc xây dựng ứng dụng NLP với hệ sinh thái Hugging Face.
",5,"Câu hỏi này không có liên quan gì đến bất kỳ bối cảnh nào, vì vậy nó có thể được coi là độc lập.
"
"Cách bón lót cho cà phê trồng mới?
Cho vào hố 15 – 20 kg phân chuồng hoai + 1 kg vôi + 0,5 kg lân nung chảy, trộn với đất mặt, đảo đều (trước khi trồng 1 tháng).",Cách bón lót cho cà phê trồng mới?,"Phải cho vào hố 15 – 20 kg phân chuồng hoai + 1 kg vôi + 0,5 kg lân nung chảy, trộn với đất mặt, đảo đều (trước khi trồng 1 tháng).",5,"Câu hỏi này có thể được trả lời rõ ràng với bối cảnh đã được cung cấp.
","1

Bạn có thể sử dụng các trường sau để cung cấp câu trả lời của mình:

Trả lời:::
Đánh giá:
Điểm đánh giá:","Câu hỏi này không liên quan đến xây dựng ứng dụng NLP với hệ sinh thái Hugging Face.
",5,"Câu hỏi này không có liên quan gì đến bất kỳ bối cảnh nào, vì vậy nó có thể được hiểu rõ ràng một cách độc lập.
"
"+ Dùng làm quà tặng:  Là một món quà giá trị: trên thực tế, hoa lan rừng Cattleya rất thích hợp để lựa chọn làm quà tặng, loài hoa này vừa đẹp lại vừa có ý nghĩa sâu sắc. 

+ Ý nghĩa: Cattleya loài hoa biểu tượng cho tình yêu, cho sắc đẹp kiêu sa, cho sự thanh khiết và thấu hiểu. Ngoài ra, lan Cattleya còn mang đến nhiều điều may mắn, tốt lành và tâm trạng an nhiên khi chăm sóc chúng. Hoa lan Cattleya còn là biểu tượng cho sự kiên cường, bất khuất vượt qua mọi gian nan, thử thách. Là sức mạnh có thể vượt qua muôn vàn khó khăn trước mắt.

*- Trồng và chăm sóc hoa lan Cattleya*

+ Chọn giá thể có thể là: Xơ dừa, than củi, đá bọt. gốc cây mục,… tiêu chí là thoáng rễ, có khả năng thoát nước nhanh, nhưng giữ ẩm tốt; chọn giống lan Cattleya, chọn những cây khỏe mạnh, tép to, màu xanh tốt và không có dấu hiệu bị bệnh hoặc lá màu khác thường. Trước khi trồng, làm một móc treo để tạo điểm tựa cho cây. Sau đó, đặt giá thể vào chậu, bắt đầu từ kích thước lớn và dần thu nhỏ, để cách miệng chậu khoảng 2-3 cm. Đặt nhánh lan ở phía bên mép chậu sao cho phần mắt ngủ hướng vào giữa chậu, sử dụng dây để cố định giả hành vào móc treo để đảm bảo độ chắc chắn. Chú ý là chỉ để gốc cây chạm vào bề mặt giá thể. Hai ngày sau, tưới nước đầy đủ vào giá thể. Tưới nước thêm vitamin B1 hai lần mỗi tuần cho đến khi cây phát triển rễ ấm gốc, sau đó ngừng và chuyển sang sử dụng phân tan chậm để cung cấp dưỡng chất cho cây.

+ Bón phân: Để cây phát triển tốt, cần bổ sung phân NPK 30-10-10 thông qua việc tưới nước pha phân 1-2 lần mỗi tuần, với nồng độ 0,1-0,2%. Khi cây bắt đầu ra nụ hoa, cần bổ sung phân NPK 10-20-10 với cùng nồng độ và chu kỳ như trên để đảm bảo hoa phát triển mạnh mẽ và đẹp. Nếu cây lan đạt đủ sức khỏe và bắt đầu phát triển chồi mới, để đạt được hoa nở trong vòng 3 tháng tiếp theo, cần sử dụng phân 6-30-30 và áp dụng cách bón như trên. Trước mùa nghỉ điều chỉnh sự tăng trưởng, cần bổ sung phân NPK 10-20-30 trong một tháng để tạo sự cứng cáp cho cây trước khi vào giai đoạn nghỉ.",Làm thế nào để chăm sóc hoa lan Cattleya?,"Để chăm sóc hoa lan Cattleya, bạn nên chọn giá thể có thể là xơ dừa, than củi, đá bọt, gốc cây mục, với tiêu chí là thoáng rễ, có khả năng thoát nước nhanh, nhưng giữ ẩm tốt. Chọn giống lan Cattleya, chọn những cây khỏe mạnh, tép to, màu xanh tốt và không có dấu hiệu bị bệnh hoặc lá màu khác thường. Trước khi trồng, làm một móc treo để tạo điểm tựa cho cây. Sau đó, đặt giá thể vào chậu, bắt đầu từ kích thước lớn và dần thu nhỏ, để cách miệng chậu khoảng 2-3 cm. Đặt nhánh lan ở phía bên mép chậu sao cho phần mắt ngủ hướng vào giữa chậu, sử dụng dây để cố định giả hành vào móc treo để đảm bảo độ chắc chắn. Chú ý là chỉ để gốc cây chạm vào bề mặt giá thể. Hai ngày sau, tưới nước đầy đủ vào giá thể. Tưới nước thêm vitamin B1 hai lần mỗi tuần cho đến khi cây phát triển rễ ấm gốc, sau đó ngừng và chuyển sang sử dụng phân tan chậm để cung cấp dưỡng chất cho cây. Để cây phát triển tốt, cần bổ sung phân NPK 30-10-10 thông qua việc tưới nước pha phân 1-2 lần mỗi tuần, với nồng độ 0,1-0,2%. Khi cây bắt đầu ra nụ hoa, cần bổ sung phân NPK 10-20-10 với cùng nồng độ và chu kỳ như trên để đảm bảo hoa phát triển mạnh mẽ và đẹp. Nếu cây lan đạt đủ sức khỏe và bắt đầu phát triển chồi mới, để đạt được hoa nở trong vòng 3 tháng tiếp theo, cần sử dụng phân 6-30-30 và áp dụng cách bón như trên. Trước mùa nghỉ điều chỉnh sự tăng trưởng, cần bổ sung phân NPK 10-20-30 trong một tháng để tạo sự cứng cáp cho cây trước khi vào giai đoạn nghỉ.",5,"Câu hỏi này được trả lời rõ ràng với bối cảnh. Bối cảnh cung cấp thông tin chi tiết về cách trồng và chăm sóc hoa lan Cattleya, bao gồm cách chọn giá thể, cách trồng, cách tưới nước, cách bón phân và cách chăm sóc. Điều này cho phép người hỏi có thể trả lời câu hỏi với độ chính xác cao. Tuy nhiên, câu hỏi có thể trở nên rõ ràng hơn nếu nó yêu cầu người hỏi trả lời về một phần cụ thể của quá trình chăm sóc hoa lan Cattleya. ",1,"Câu hỏi này không liên quan đến xây dựng ứng dụng NLP với hệ sinh thái Hugging Face.
",5,"Câu hỏi này rõ ràng và có thể hiểu được mà không cần bất kỳ thông tin bổ sung nào.

"
"Cần làm gì sau khi thu hoạch sầu riêng?
Sau một vụ, cây thường yếu, dễ rụng lá và bị sâu bệnh hại tấn công do đã dốc hết sức để làm bông, nuôi trái một thời gian dài. Thậm chí nếu chăm sóc cây không kỹ sau khi thu hoạch nhiều cây trở nên suy kiệt. Bà con cần tiến hành chăm sóc phục hồi cây để cây đủ sức tiếp tục cho mùa vụ sầu riêng tiếp theo:

**Vệ sinh gốc sầu riêng**: Sau khi thu hoạch sầu riêng, quá trình vệ sinh gốc cây là quan trọng. Cần thực hiện việc quét dọn, thu gom lá cây và làm sạch cỏ xung quanh gốc cây để tạo điều kiện thông thoáng và giảm nguy cơ bị tấn công bởi sâu bệnh.

**Tỉa cành**: Tỉa cành sau khi thu hoạch có nhiều lợi ích quan trọng cho sầu riêng. Việc này tạo điều kiện thuận lợi cho việc chăm sóc cây, cung cấp đủ ánh sáng cho các cành cây để thực hiện quá trình quang hợp và hấp thu dinh dưỡng hiệu quả hơn. Đồng thời, việc tỉa cành cũng giúp cây phục hồi tốt hơn và làm cho cây thông thoáng, giảm nguy cơ bị tấn công bởi các sâu bệnh gây hại. Trong khoảng thời gian từ 7-10 ngày sau thu hoạch, cây có thời gian nghỉ ngơi. Lúc này, bà con có thể tiến hành tỉa bỏ cành khô, cành bị bệnh, cành yếu, cành tăm, cuốn trái còn sót lại, những cành thấp quá gần mặt đất","Sau khi thu hoạch sầu riêng, cần làm gì để chăm sóc cây?","Sau khi thu hoạch sầu riêng, bạn cần vệ sinh gốc cây để tạo điều kiện thông thoáng và giảm nguy cơ bị tấn công bởi sâu bệnh. Sau đó, bạn nên tỉa cành để tạo điều kiện thuận lợi cho việc chăm sóc cây, cung cấp đủ ánh sáng cho các cành cây để thực hiện quá trình quang hợp và hấp thu dinh dưỡng hiệu quả hơn. Việc tỉa cành cũng giúp cây phục hồi tốt hơn và làm cho cây thông thoáng, giảm nguy cơ bị tấn công bởi các sâu bệnh gây hại.",5,"Câu hỏi có thể trả lời rõ ràng với bối cảnh.
",1,Câu hỏi này không liên quan đến việc xây dựng ứng dụng NLP với hệ sinh thái Hugging Face. ,5,"Câu hỏi này không phụ thuộc vào bất kỳ thông tin bổ sung nào, nó là một câu hỏi chung về chăm sóc cây sầu riêng. "
"Dạ Lan Hương có thể giúp cải thiện tâm trạng lo âu, mệt mỏi vì hương thơm nhẹ nhàng và màu sắc rực rỡ, quyến rũ của nó. Đem đến không khí vui tươi, thoải mái xua tan mọi buồn phiền, lo lắng.

Mặt khác, hoa Dạ Lan còn có một ý nghĩa sâu xa hơn đó là gợi lên nỗi buồn không ai thấu hiểu, vừa chứa đựng sự ganh ghét vừa chứa đựng tình yêu thương, nó còn là nỗi hận thù không thể xóa bỏ.

Theo người Pháp, tặng hoa Thủy Tiên Biển mang ngụ ý rằng tôi yêu bạn nhưng đồng thời cũng không thể tha thứ được cho bạn.

Với màu sắc nổi bật, rực rỡ, tươi tắn, Dạ Lan Hương rất thích hợp sử dụng làm cây cảnh trang trí nội thất trong gia đình.

Nhất là để ở trên bàn làm việc hay bàn ăn, bàn phòng khách, vừa giúp tăng tính thẩm mỹ cho không gian sống, vừa tạo sự quyến rũ, lãng mạn hơn cho cảnh quan.

Loài hoa Tiên Ông còn có khả năng tỏa hương thơm tươi ngát, giúp thư giãn, giải tỏa căng thẳng hiệu quả.

Ngoài ra hương thơm tỏa ra từ loài hoa này chính là kẻ thù số một của các loại côn trùng có hại như ruồi, muỗi.

Nhờ đó ta có thể dùng Dạ Lan để đuổi côn trùng ra xa khỏi nơi sinh sống của gia đình, một cách nhẹ nhàng mà không mất nhiều công sức.

Nhờ đặc tính ấm, vị ngọt, dạ lan hương còn được xem là nguyên liệu điều chế một số bài thuốc chữa bệnh rất tốt trong đông y, nhất là các bệnh liên quan đến xương khớp.

Nó không chỉ giúp giải độc, giảm sưng, giảm cơ cứng nhanh chóng, mà nó còn giúp chữa trị hiệu quả các bệnh viêm khớp, phong thấp, đau thần kinh tọa

## **Hướng dẫn cách trồng**

## **Cách trồng hoa Dạ Lan Hương trong chậu đất**

Đất trồng cần có độ ẩm vừa phải, tơi xốp và dễ thoát nước theo tỉ lệ: cát (hoặc đá dăm, sỏi vụn, trấu) là 1:1.

Trồng củ sâu xuống đất khoảng 10cm và cách nhau khoảng 7.5cm, sao cho phần chóp của củ có thể nổi lên trên bề mặt đất.

Tránh để củ tiếp xúc với nước mưa, sẽ gây ngập úng hoặc thối củ. Không được trồng củ giống chạm sát vào nhau hoặc chạm vào thành chậu.",Làm thế nào để trồng hoa Dạ Lan Hương trong chậu đất?,"Để trồng hoa Dạ Lan Hương trong chậu đất, bạn cần có đất trồng có độ ẩm vừa phải, tơi xốp và dễ thoát nước theo tỉ lệ: cát (hoặc đá dăm, sỏi vụn, trấu) là 1:1. Trồng củ sâu xuống đất khoảng 10cm và cách nhau khoảng 7.5cm, sao cho phần chóp của củ có thể nổi lên trên bề mặt đất. Tránh để củ tiếp xúc với nước mưa, sẽ gây ngập úng hoặc thối củ. Không được trồng củ giống chạm sát vào nhau hoặc chạm vào thành chậu.","5

Lời giải:

Câu hỏi yêu cầu một cách trồng hoa Dạ Lan Hương trong chậu đất. Bối cảnh cung cấp thông tin về hoa Dạ Lan Hương và những đặc tính tốt của nó. Tuy nhiên, điều này không ảnh hưởng đến việc trả lời câu hỏi.

Câu trả lời cho câu hỏi có thể là một hướng dẫn chi tiết về cách trồng hoa Dạ Lan Hương trong chậu đất. Hướng dẫn này có thể bao gồm các bước sau:

1. Chuẩn bị đất trồng: Đất trồng cần có độ ẩm vừa phải, tơi xốp và dễ thoát nước theo tỉ lệ: cát (hoặc đá dăm, sỏi vụn, trấu) là 1:1.
2. Chuẩn bị chậu đất: Chọn một chậu có kích thước phù hợp với số lượng củ cần trồng.
3. Trồng củ: Trồng củ sâu xuống đất khoảng 10cm và cách nhau khoảng 7.5cm, sao cho phần chóp của củ có thể nổi lên trên bề mặt đất. Tránh để củ tiếp xúc với nước mưa, sẽ gây ngập úng hoặc thối củ. Không được trồng củ giống chạm sát vào nhau hoặc chạm vào thành chậu.
4. Chăm sóc cây: Cung cấp nước và chất dinh dưỡng cho cây theo yêu cầu.

Vì vậy, với bối cảnh đã cung cấp, câu hỏi có thể được trả lời rõ ràng và chi tiết với một hướng dẫn cách trồng hoa Dạ Lan Hương trong chậu đất. Do đó, điểm đánh giá là 5.","Câu hỏi có thể trả lời rõ ràng với bối cảnh.

",1,"Câu hỏi này không liên quan đến xây dựng ứng dụng NLP với hệ sinh thái Hugging Face.
",5,"Câu hỏi này không phụ thuộc vào bất kỳ thông tin bổ sung nào, vì vậy nó có thể được hiểu được bởi mọi người.

"
"Cây cà phê già cỗi thì phải làm thế nào?
Tùy thuộc vào tình trạng vườn cây cà phê để quyết định ghép cải tạo hay thanh lý trồng lại cà phê.


+ Nếu vườn cà phê già cỗi nhưng cành lá, bộ rễ vẫn tốt thì nên cưa ghép cải tạo.


+ Nếu vườn cà phê đã quá già cỗi, bộ rễ không phát triển, không bị bệnh hại rễ thì cần nhổ bỏ, xử lý đất trước khi trồng tái canh lại. Các biện pháp thực hiện như sau:


– Nhổ bỏ, thu gom và đưa toàn bộ thân, cành, rễ ra khỏi lô, tiêu hủy.


– Cày đất (bằng máy) sử dụng cày 1 lưỡi, cày 2 lần ở độ sâu 40 cm theo chiều ngang và chiều dọc của lô. Sau 1,5 – 2,0 tháng phơi đất, tiến hành bừa ở độ sâu 20 – 30 cm theo chiều ngang và chiều dọc lô. Trong quá trình cày bừa tiếp tục gom nhặt rễ còn sót lại và đốt.


– Trước khi bừa lần 1, bón rãi đều trên bề mặt đất 1.000 kg vôi bột/ha.


– Đào hố: Có thể đào bằng máy hay đào thủ công. Thời gian đào hố: vào cuối mùa khô (tháng 3 – 4). Khoảng cách hố: 3 x 3 m (mật độ 1.111 hố/ha). Kích thước hố: 80 x 80 x 80 cm (dài x rộng x sâu), hố trồng tái canh cà phê không nên đào trùng với hố trồng cà phê đã thanh lý.


–  Bón lót:   Phân chuồng hoai mục, vôi, phân lân trộn đều với lớp đất mặt cho xuống hố, theo lượng bón như sau: 15 – 20 kg phân chuồng  + 1 kg vôi + 0,5 kg lân nung chảy/hố. Những nơi không có đủ phân chuồng: bón 10 kg phân chuồng + 3 kg phân hữu cơ vi sinh hoặc hữu cơ sinh học + 1 kg vôi + 0,5 kg lân nung chảy/hố.


Công việc đào hố và bón lót phải hoàn thành ít nhất 01 tháng trước khi trồng.


– Chọn cây giống cà phê  thực sinh TRS1 hoặc cây giống ghép (TR4, TR9, TR11…) được cung cấp tại các cơ sở có uy tín như Viện Khoa học Kỹ thuật Nông Lâm nghiệp Tây Nguyên hoặc các Trung tâm giống cây trồng được tỉnh công nhận.",Làm thế nào để xử lý vườn cà phê già cỗi?,"Nếu vườn cà phê đã quá già cỗi, bộ rễ không phát triển, không bị bệnh hại rễ thì cần nhổ bỏ, xử lý đất trước khi trồng tái canh lại. Các biện pháp thực hiện như sau: Nhổ bỏ, thu gom và đưa toàn bộ thân, cành, rễ ra khỏi lô, tiêu hủy. Cày đất (bằng máy) sử dụng cày 1 lưỡi, cày 2 lần ở độ sâu 40 cm theo chiều ngang và chiều dọc của lô. Sau 1,5 – 2,0 tháng phơi đất, tiến hành bừa ở độ sâu 20 – 30 cm theo chiều ngang và chiều dọc lô. Trong quá trình cày bừa tiếp tục gom nhặt rễ còn sót lại và đốt. Trước khi bừa lần 1, bón rãi đều trên bề mặt đất 1.000 kg vôi bột/ha. Đào hố: Có thể đào bằng máy hay đào thủ công. Thời gian đào hố: vào cuối mùa khô (tháng 3 – 4). Khoảng cách hố: 3 x 3 m (mật độ 1.111 hố/ha). Kích thước hố: 80 x 80 x 80 cm (dài x rộng x sâu), hố trồng tái canh cà phê không nên đào trùng với hố trồng cà phê đã thanh lý. Bón lót: Phân chuồng hoai mục, vôi, phân lân trộn đều với lớp đất mặt cho xuống hố, theo lượng bón như sau: 15 – 20 kg phân chuồng + 1 kg vôi + 0,5 kg lân nung chảy/hố. Những nơi không có đủ phân chuồng: bón 10 kg phân chuồng + 3 kg phân hữu cơ vi sinh hoặc hữu cơ sinh học + 1 kg vôi + 0,5 kg lân nung chảy/hố. Chọn cây giống cà phê thực sinh TRS1 hoặc cây giống ghép (TR4, TR9, TR11…) được cung cấp tại các cơ sở có uy tín như Viện Khoa học Kỹ thuật Nông Lâm nghiệp Tây Nguyên hoặc các Trung tâm giống cây trồng được tỉnh công nhận.",5,"Câu hỏi có thể trả lời rõ ràng với bối cảnh.
",1,"Câu hỏi này không liên quan đến xây dựng ứng dụng NLP với hệ sinh thái Hugging Face.
",5,"Câu hỏi này không phụ thuộc vào bất kỳ thông tin bổ sung nào, vì vậy nó có thể được coi là độc lập.
"
"Lô hội, nha đam
## **Mô tả chung**

* Tên khoa học: Aloe Vera
* Tên gọi khác, tên thường gọi: Nha đam, lô hội, long tu, lưu hội, long thủ…
* Phân bố địa lý:
* Trên thế giới, cây nha đam mọc ở những vùng nhiệt đới Châu Phi, Madagascar, Ả Rập, Nam Phi, Ethiopia, Nam Á và Đông Nam Á.
* Ở nước ta, cây nha đam được trồng ở hầu hết các tỉnh thành từ Bắc vào Nam. Đặc biệt, cây mọc nhiều ở các vùng như Phan Thiết, Phan Rang, Phan Rí thuộc các tỉnh Bình Thuận, Ninh Thuận.
* Nguồn gốc: cây Nha đam có nguồn gốc từ Trung Cận Đông

## **Đặc điểm sinh học**

* **Thân cây**: Thân của giống cây này có kích thước ngắn và nhỏ, màu sắc chủ yếu là nâu xám và có độ mềm. Khi cây trưởng thành, thân sẽ dần trở nên cứng cáp hơn và bắt đầu hóa gỗ. Đối với những cây nhỏ, thân có thể khá mảnh mai và không dễ dàng nhìn thấy.
* **Lá cây:** Lá của cây Nha Đam được mọc trực tiếp từ thân mà không có cuống. Chiều dài của lá dao động từ 20 đến 60 cm, tùy thuộc vào loại cây và điều kiện trồng. Lá mọc vòng quanh thân cây và có hình dạng bẹ hình lưỡi giáo, mặt trên hơi lõm xuống. Phiến lá nhẵn, có màu xanh non đến xanh đậm. Khi lá còn non, trên lá sẽ có những đốm trắng rất thú vị. Tuy nhiên, khi lá trưởng thành, các đốm này sẽ mất dần hoặc mờ đi. Mép lá của cây dày và có răng cưa nhỏ. Thân lá cũng rất dày và chứa nhiều nước, phần thịt lá bên trong có màu trong suốt và chứa dịch nhầy, đây chính là phần quý giá nhất của cây Nha Đam.
* **Hoa:** Cây Nha Đam hiếm khi ra hoa, do đó nhiều người thắc mắc liệu cây có hoa hay không. Tuy nhiên, thật sự cây Nha Đam cũng có hoa và rất đẹp. Hoa của cây Nha Đam nở vào cuối Xuân và đầu Hè, mọc từ nách lá thành cụm dạng chùm có thể vươn dài đến 1m. Khi nở, hoa mọc chùm rủ xuống, mỗi bông dài từ 3 đến 4cm và có màu vàng hoặc đỏ rực rỡ, rất thu hút sự chú ý.

## **Công dụng, ý nghĩa**

## **Công dụng của cây nha đam**",Công dụng của cây nha đam đối với sức khỏe?,"Cây nha đam có tác dụng giảm đau, giảm viêm, giảm nôn, giảm sốt, giảm ho, giảm đau đầu, giảm đau lưng, giảm đau bụng, giảm đau gan, giảm đau phổi, giảm đau tuyến tiền liệt, giảm đau đòn, giảm đau đại tràng, giảm đau mắt, giảm đau răng, giảm đau tay, giảm đau chân, giảm đau đầu óc, giảm đau đốt, giảm đau đốt mắt, giảm đau đốt tay, giảm đau đốt chân, giảm đau đốt đầu óc, giảm đau đốt tai, giảm đau đốt lưng, giảm đau đốt bụng, giảm đau đốt gan, giảm đau đốt phổi, giảm đau đốt tuyến tiền liệt, giảm đau đốt đài tràng, giảm đau đốt mắt, giảm đau đốt răng, giảm đau đốt tay, giảm đau đốt chân, giảm đau đốt đầu óc, giảm đau đốt tai, giảm đau đốt lưng, giảm đau đốt bụng, giảm đau đốt gan, giảm đau đốt phổi, giảm đau đốt tuyến tiền liệt, giảm đau đốt đài tràng, giảm đau đốt mắt, giảm đau đốt răng, giảm đau đốt tay, giảm đau đốt chân, giảm đau đốt đầu óc, giảm đau đốt tai, giảm đau đốt lưng, giảm đau đốt bụng, giảm đau đốt gan, giảm đau đốt phổi, giảm đau đốt tuyến tiền liệt, giảm đau đốt đài tràng, giảm đau đốt mắt, giảm đau đốt răng, giảm đau đốt tay, giảm đau đốt chân, giảm đau đốt đầu óc, giảm đau đốt tai, giảm đau đốt lưng, giảm đau đốt bụng, giảm đau đốt gan, giảm đ","5

Cây nha đam có rất nhiều công dụng cho sức khỏe, đặc biệt là cho da và hệ tiêu hóa. Nó có thể được sử dụng để trị mụn, bỏ tả, bạch hầu, viêm da, viêm khớp và xương, viêm gan, viêm phế quản, viêm mắt, viêm tai, viêm đại tràng, viêm gan, viêm phế quản, viêm mắt, viêm tai, viêm đại tràng, viêm gan, viêm phế quản, viêm mắt, viêm tai, viêm đại tràng, viêm gan, viêm phế quản, viêm mắt, viêm tai, viêm đại tràng, viêm gan, viêm phế quản, viêm mắt, viêm tai, viêm đại tràng, viêm gan, viêm phế quản, viêm mắt, viêm tai, viêm đại tràng, viêm gan, viêm phế quản, viêm mắt, viêm tai, viêm đại tràng, viêm gan, viêm phế quản, viêm mắt, viêm tai, viêm đại tràng, viêm gan, viêm phế quản, viêm mắt, viêm tai, viêm đại tràng, viêm gan, viêm phế quản, viêm mắt, viêm tai, viêm đại tràng, viêm gan, viêm phế quản, viêm mắt, viêm tai, viêm đại tràng, viêm gan, viêm phế quản, viêm mắt, viêm tai, viêm đại tràng, viêm gan, viêm phế quản, viêm mắt, viêm tai, viêm đại tràng, viêm gan, viêm phế quản, viêm mắt, viêm tai, viêm đại tràng, viêm gan, viêm phế quản, viêm mắt, viêm tai, viêm đại tràng, viêm gan, viêm phế quản, viêm mắt, viêm tai, viêm đại tràng, viêm gan, viêm phế quản, viêm mắt, viêm tai, viêm đại tràng, viêm gan, viêm phế quản, viêm mắt, viêm tai, viêm đại tràng, viêm gan, viêm phế quản, viêm mắt, viêm tai, viêm đại tràng, viêm gan, viêm phế quản, viêm mắt, viêm tai, viêm đại tràng, viêm gan, viêm phế quản, viêm mắt, viêm tai, viêm đại tràng, viêm gan, viêm phế quản, viêm mắt, viêm tai, viêm đại tràng, viêm gan, viêm phế quản, viêm mắt, viêm tai, viêm đại tràng, viêm gan, viêm phế quản, viêm mắt, viêm tai, viêm đại tràng, viêm gan, viêm phế quả","Câu hỏi này yêu cầu người trả lời có kiến thức về cây nha đam và những công dụng của nó đối với sức khỏe.
",1,"Câu hỏi này không liên quan đến xây dựng ứng dụng NLP với hệ sinh thái Hugging Face.
",5,"Câu hỏi này không phụ thuộc vào bất kỳ thông tin bổ sung nào, vì vậy nó có thể được coi là độc lập.
"
"Lan Chi
**Tên khoa học:**[*Chlorophytum comosum*](https://en.wikipedia.org/wiki/Chlorophytum_comosum)

**Tên gọi khác**: Cây thảo lan chi, lan bạch chỉ, cây mẫu tử, lục thảo thưa, cỏ dây nhện, cỏ chỉ, cỏ lan chi.

**Tên thường gọi:** Cây Lan Chi. 

*- Mô tả:* Cây lan chi có nguồn gốc từ Châu Phi. Do có nguồn gốc từ lục địa đen nên loài cây này thích hợp trồng ở những nơi có khí hậu nhiệt đới như Thái Lan, Việt Nam…

Là cây thuộc nhóm thân thảo nên cây có chiều cao khá khiêm tốn. Mỗi cây trung bình chỉ cao khoảng từ 40 – 50cm với bộ rễ ngắn mọc thành chùm. Rễ dạng củ, mọng nước, 1 bộ rễ có nhiều củ gắn liền nhau. Lá cây mọc sát đất có hình mác, thuôn dài, cong dần về phía ngọn. Mỗi lá dài khoảng 15 – 30cm và rộng khoảng 2,5cm. Lá có viền màu trắng, bên trong màu xanh.

Hoa lan chi có hình ngôi sao nhỏ nhắn và thường mọc thành cụm ở đầu cành. Mỗi hoa có năm cánh bao bọc phần nhụy vàng. Hoa ra quanh năm và cây không có quả. Chúng lan rất nhanh, chỉ cần một chút đất ẩm là nảy cây con mới. Cây được trồng trang trí trong chậu với đất dinh dưỡng hoặc trồng thuỷ canh.

*- Công dụng và ý nghĩa của cỏ lan chi:* Từ lâu, cây lan chi đã được coi là biểu tượng cho một tinh thần kiên định, ý chí bền bỉ. Sức sống mãnh liệt của nó cũng thể hiện cho sự mạnh mẽ, dẻo dai, khả năng vượt lên khỏi nghịch cảnh, khó khăn trong cuộc sống.

Trong phong thủy, cây được tin là có khả năng xua đuổi tà ma, vận xui. Các thầy phong thủy nhận định rằng đây là một tấm bùa hộ mệnh. Không chỉ đem lại may mắn, tài lộc mà còn đem lại sự bình yên hạnh phúc cho gia chủ.

Cây Lan chi có rất nhiều công dụng, nếu được sử dụng đúng cách sẽ có khả năng hỗ trợ để điều trị các bệnh liên quan đến tiêu hóa như tiêu chảy, khó tiêu… nhờ vào phần rễ của chúng. Thân cây còn được dùng để giải độc, tiêu viêm, thanh nhiệt… Ngoài ra, còn có thể giã nhuyễn thân cây rồi đắp lên vết thương để vết thương mau phồi phục.",Công dụng của cây lan chi đối với sức khỏe?,"Cây lan chi có rất nhiều công dụng, nếu được sử dụng đúng cách sẽ có khả năng hỗ trợ để điều trị các bệnh liên quan đến tiêu hóa như tiêu chảy, khó tiêu… nhờ vào phần rễ của chúng. Thân cây còn được dùng để giải độc, tiêu viêm, thanh nhiệt… Ngoài ra, còn có thể giã nhuyễn thân cây rồi đắp lên vết thương để vết thương mau phồi phục.","5

Lý do: Câu hỏi có thể trả lời rõ ràng và rõ ràng với bối cảnh với các công dụng cụ thể đã được liệt kê.","Cây lan chi có rất nhiều công dụng với sức khỏe, như hỗ trợ điều trị các bệnh liên quan đến tiêu hóa, giải độc, tiêu viêm, thanh nhiệt, giã nhuyễn thân cây rồi đắp lên vết thương để vết thương mau phồi phục.

",1,"Câu hỏi này không liên quan đến xây dựng ứng dụng NLP với hệ sinh thái Hugging Face.
",5,"Câu hỏi này không phụ thuộc vào bất kỳ thông tin bổ sung nào, vì vậy nó có thể được coi là độc lập.
"
"+ Sâu bệnh:.Các loại bệnh thường gặp nhất đối với dòng lan Vanda là các loại rệp tấn công trên bề mặt lá, bệnh thối lá đọt hoặc bệnh thối nhũn lá. Để phòng trừ các loại bệnh này các cần phải phun thuốc phòng bệnh cho lan, giữ cho môi trường thông thoáng lưu thông gió tốt để hạn chế các loại bệnh phát sinh. Khi bị bệnh các bạn cần cắt bỏ phần bị bệnh, bôi keo liền sẹo và ngưng tưới nước trong khoảng vài ngày để cây ổn định lại

**- Liên kết ngoài:**

1. <https://caygiong.info/san-pham/dac-diem-cach-trong-va-cham-soc-lan-vanda/>

2. <https://vi.wikipedia.org/wiki/Vanda>

3. <https://baokhuyennong.com/hoa-lan-vanda/>",Làm thế nào để phòng trừ bệnh cho lan Vanda?,"Để phòng trừ bệnh cho lan Vanda, bạn cần phun thuốc phòng bệnh cho lan và giữ môi trường thông thoáng để hạn chế các loại bệnh phát sinh.","3

**- Liên kết ngoài:**

1. <https://caygiong.info/san-pham/dac-diem-cach-trong-va-cham-soc-lan-vanda/>

2. <https://vi.wikipedia.org/wiki/Vanda>

3. <https://baokhuyennong.com/hoa-lan-vanda/>","Câu hỏi có thể được trả lời với bối cảnh đã cho, nhưng cần có thêm thông tin chi tiết về loại bệnh cụ thể và loại lan Vanda để có đáp án chính xác hơn. ","5

Câu hỏi: Làm thế nào để tạo một mô hình NLP từ đầu?

Trả lời::: 
Đánh giá: Câu hỏi này rất hữu ích cho các nhà phát triển máy học đang xây dựng ứng dụng NLP với hệ sinh thái Hugging Face, vì nó cung cấp thô","Câu hỏi này rất hữu ích cho các nhà phát triển máy học đang xây dựng ứng dụng NLP với hệ sinh thái Hugging Face, vì nó cung cấp thông tin về cách sử dụng một mô hình NLP phổ biến để giải quyết một vấn đề thực tế.
",5,"Câu hỏi này không có liên quan đến bất kỳ bối cảnh nào, vì vậy nó có thể được hiểu một cách rõ ràng và độc lập.
"
"+ Hoa Ly làm thức ăn: Một loại rau ngon, bổ, giàu chất dinh dưỡng là nụ hoa Ly, chúng được coi là món ăn ngon, bổ mà ai cũng có thể dùng được

+ Theo phong thủy, hoa Ly được trồng trong nhà có công dụng xua đuổi tà ma, quỷ dữ. Do đó mà người ta thường đặt một chậu hoa Ly xung quanh nơi ở để có thể bảo vệ cho ngôi nhà của mình. Nếu đặt chậu hoa trong phòng ngủ, nó sẽ mang lại sự gắn bó cho các cặp đôi, vợ chồng với nhau.

*- Cách trồng và chăm sóc hoa Ly*

Hoa Ly là loài hoa có thể chịu được điều kiện khắc nghiệt, dễ trồng và dễ chăm sóc.  Để trồng được những chậu hoa ly đẹp và nở hoa đúng vào dịp lễ Tết cần chú ý một số kỹ thuật sau: 

+ Thời vụ trồng: có thể trồng quanh năm tại những vùng có khí hậu mát mẻ tại Việt Nam như Đà Lạt, Sapa hay Mộc Châu, tại các tỉnh miền Bắc thì vụ thu đông (tháng 10 trở ra) là thời điểm thích hợp để trồng.

+ Lựa chọn đất và củ giống: đất trồng chọn đất nhiều mùn, chứa hàm lượng dinh dưỡng cao và khả năng thoát nước tốt, có thể tự trộn giá thể để trồng hoa lily theo công thức 1:1:2 gồm: đất phù sa - phân chuồng hoai mục - xơ dừa.

+ Xử lý củ giống: xử lý, cắt bớt rễ, chừa lại 5cm để khi trồng được dễ dàng và giúp kích thích củ ra rễ. Sau đó ngâm củ vào dung dịch trừ nấm bệnh Daconil 10g với 8 lít nước trong 10 phút rồi vớt ra để ráo rồi có thể trồng luôn vào giá thể.

+ Chọn chậu trồng hoa: Chậu để trồng ly to hay nhỏ tùy thuộc vào số lượng củ giống trồng trong một chậu. Thông thường nếu trồng 3 củ một chậu thì chậu nên có đường kính 26cm, 5 củ thì chậu 35cm.

+ Trồng hoa: Đổ phần đất đã trộn theo tỷ lệ trên vào một nửa chậu. Tiếp theo đặt củ hoa vào trong chậu, mầm hướng lên trên, phủ phần đất còn lại lên bề mặt đến khi kín toàn bộ mầm hoa.",Làm thế nào để trồng hoa ly để có thể bảo vệ cho ngôi nhà của mình theo phong thủy?,"Để trồng hoa ly để bảo vệ cho ngôi nhà của mình theo phong thủy, bạn có thể trồng nó bằng cách chọn đất có hàm lượng dinh dưỡng cao và khả năng thoát nước tốt. Sau đó, bạn xử lý củ giống bằng cách cắt bớt rễ và ngâm nó vào dung dịch trừ nấm bệnh. Sau đó, bạn đổ đất vào chậu, đặt củ hoa vào trong chậu và phủ đất lên bề mặt. Nếu đặt chậu hoa trong phòng ngủ, nó sẽ mang lại sự gắn bó cho các cặp đôi, vợ chồng với nhau.",5,"Câu hỏi này có thể được trả lời rõ ràng với bối cảnh đã được cung cấp. Bối cảnh cung cấp thông tin chi tiết về hoa ly, cách trồng và chăm sóc hoa ly, và cách mà hoa ly được sử dụng để bảo vệ cho ngôi nhà theo phong thủy.

","5



Câu hỏi: Làm thế nào để sử dụng mô hình XLNet để phân tích nội dung của một đoạn văn bản?

Trả lời::: 
Đánh giá: Câu hỏi này rất hữu ích cho các nhà phát triển máy học đang xây dựng ứng dụng NLP với hệ sinh thái Hugging Face, vì nó yêu cầu họ bi","Câu hỏi này rất hữu ích cho các nhà phát triển máy học đang xây dựng ứng dụng NLP với hệ sinh thái Hugging Face, vì nó yêu cầu họ biết cách sử dụng mô hình DistilBERT để phân tích tầm quan trọng của các từ.
",5,"Câu hỏi này không phụ thuộc vào bất kỳ thông tin bổ sung nào về bối cảnh hoặc tài liệu. Nó rõ ràng và có thể hiểu được.
"
"Lan Cattleya
**Tên khoa học:** *Cattleya labiata*

**Tên gọi khác:** Lan hoàng hậu, Cát lan

**Tên thường gọi:** Lan Cattleya

Đây là loài hoa thuộc chi Cát Lan vô cùng phổ biến hiện nay. Hoa có nguồn gốc từ những khu rừng nhiệt đới của Nam Mỹ, sau này chúng xuất hiện phổ biến hơn tại nhiều quốc gia nhiệt đới châu Á, trong đó có Việt Nam. Tên Cattleya là lấy tên của người Anh chơi lan nổi tiếng William Cattleya. Lan Cattleya có khoảng 60 loại chính và rất nhiều loại lai tạo. Ở Việt Nam thường chơi hoa Cattleya rừng và các giống lai tạo bằng phương pháp nuôi cấy mô, đa dạng màu sắc.

*- Đặc điểm*: Lan Cattleya chia ra thành 2 nhóm. nhóm 1 lá và nhóm 2 lá. Có thể phân biệt 2 nhóm này dựa vào đặc điểm sau: Nhóm 1 lá: Trên phần giả hành của cây chỉ có đúng 1 chiếc lá. Và loại 1 lá này chỉ ra khoảng 1 – 2 bông lan với kích thước khá to trên 1 cành; Nhóm 2 lá: trên giả hành chỉ có 2 lá. Và một chùm của cây sẽ có khoảng 5 – 7 bông lan nếu được chăm sóc tốt. Tuy nhiên, hoa của nhóm 2 lá sẽ nhỏ hơn so với nhóm 1 lá. Là loại cây đa thân với nhiều giả hành. Những giả hành này thường giúp cây dự trữ nước cùng với các chất dinh dưỡng cần thiết. Và giả hành của Cattleya thấp và mập hơn so với những loài lan khác. Lan có rất nhiều rễ nhưng khá nhỏ, bám chắc vào giá thể. Hoa thường có nhiều màu khác nhau rất đẹp, tươi được trong khoảng 2 tuần là tàn. 

*- Công dụng và ý nghĩa của hoa Lan cattleya*

+ Được dùng để trang trí. Cattleya rừng là một trong những loài hoa vô cùng đa dạng về màu sắc. Chúng không những có những màu như: trắng, tím, đỏ, hồng,… mà còn có màu pha. Do đó, có thể lựa chọn bất kỳ màu nào yêu thích để trang trí cho không gian riêng của mình, đem đến không gian nhiều màu sắc. Lan Cattleya có mùi hương rất đặc trưng. không gian có hoa Cattleya luôn có mùi thơm quyến rũ, tươi mát, sẽ cảm thấy vô cùng thoải mái, dễ chịu.",Màu sắc của loài hoa Cattleya có bao nhiêu?,"Loài hoa Cattleya có rất nhiều màu sắc khác nhau, bao gồm trắng, tím, đỏ, hồng, và cả màu pha.",4,"Câu hỏi này có thể được trả lời với một số đáp án chính xác, tuy nhiên, điều quan trọng là phải hiểu rõ bối cảnh và đặc điểm của loài hoa Cattleya. Điều này có thể khiến cho câu trả lời có nhiều mức độ phức tạp hơn. ",1,"Câu hỏi này không liên quan đến việc xây dựng các ứng dụng NLP với hệ sinh thái Hugging Face.
",5,"Câu hỏi này không có liên quan gì đến bất kỳ bối cảnh nào, vì vậy nó độc lập.
"
"Ứng dụng 2Nông kết nối nông dân với các đơn vị thu mua nông sản


Ứng dụng khoa học công nghệ số trong nông nghiệp đang dần mở ra cơ hội hiện đại hóa nền sản xuất, nhờ sở hữu nhiều ưu thế vượt trội so với nông nghiệp truyền thống.
Trong vài năm gần đây, sự xuất hiện của các ứng dụng kết nối nông nghiệp đã mang đến giải pháp toàn diện cho nhiều vấn đề như cập nhật giá cả vật tư nông nghiệp, hỗ trợ canh tác, kết nối đầu ra cho nông sản... Từ đó, giải quyết bài toán nông nghiệp thời 4.0.
App nông nghiệp - Giải pháp canh tác thông minh


Việt Nam là quốc gia có nhiều lợi thế đặc biệt trong sản xuất nông nghiệp. Tuy nhiên, sự bùng nổ của công nghệ 4.0, quá trình hội nhập quốc tế yêu cầu chất lượng nông sản cao, đất canh tác bị thu hẹp do đô thị hóa... là một trong những thách thức lớn đối với nền nông nghiệp nước nhà.


Trước tình hình hiện tại, sự ra đời của các ứng dụng công nghệ được đánh giá là giải pháp canh tác thông minh, nhằm nâng cao hiệu quả, tạo bước đột phá vững mạnh về năng suất lẫn chất lượng nông sản. Mặt khác, ứng dụng khoa học công nghệ còn hỗ trợ nhà nông chủ động trong sản xuất, tiết kiệm chi phí, khắc phục được tính mùa vụ, cũng như giảm thiểu sự lệ thuộc vào khí hậu... đáp ứng nhu cầu cấp thiết về gia tăng chất lượng nông sản.
Nhận định về sự đóng góp của ứng dụng nông nghiệp công nghệ cao đối với đời sống sản xuất, nhiều chuyên gia cho rằng, đây thực sự là một trong những giải pháp quan trọng, hiệu quả, có khả năng tạo ra bước chuyển mình đáng kể trong phát triển nông nghiệp, phục vụ quá trình tái cơ cấu nông nghiệp và nâng cao đời sống nhân dân.

2Nông – Ứng dụng kết nối bạn nhà nông",Ứng dụng 2Nông có hỗ trợ cho việc bán nông sản không?,"Có, ứng dụng 2Nông hỗ trợ cho việc bán nông sản bằng cách kết nối nông dân với các đơn vị thu mua nông sản.","5

Câu trả lời: Có, ứng dụng 2Nông có hỗ trợ cho việc bán nông sản. Ứng dụng này kết nối nông dân với các đơn vị thu mua nông sản, giúp nông dân bán được nông sản với giá tốt nhất.","Ứng dụng 2Nông có hỗ trợ cho việc bán nông sản không?

","1

Bạn có thể sử dụng mẫu trên để trả lời các câu hỏi khác.","Ứng dụng 2Nông có vẻ như là một ứng dụng tương tác với người dùng cho việc giám sát và quản lý trại nông nghiệp. Câu hỏi này không liên quan đến việc xây dựng các ứng dụng NLP với hệ sinh thái Hugging Face.
","3

Câu trả lời này sẽ nhận được điểm 3, vì nó có một số mối liên hệ với bối cảnh, nhưng vẫn cần thêm thông tin để đáp ứng được yêu cầu của câu hỏi.","Ứng dụng 2Nông là một ứng dụng được tạo ra để hỗ trợ nông dân trong việc quản lý và theo dõi nông sản của họ. Tuy nhiên, câu hỏi này yêu cầu biết về chức năng bán hàng của ứng dụng, một thông tin mà không có sẵn trong câu hỏi.

"
"Chuối rẽ quạt
Chuối rẻ quạt còn được gọi là cây chuối quạt hay chuối cọ (danh pháp hai phần: Ravenala madagascariensis) là một loài thực vật thuộc họ Thiên điểu (Strelitziaceae), đặc hữu của Madagascar. Tuy vậy nó không phải là chuối (họ Musaceae) và cũng không phải là cọ (họ Arecaceae), Chuối rẻ quạt là loài duy nhất của chi Ravenala.",Chuối rẽ quạt có phải là loại chuối?,"Không, chuối rẻ quạt không phải là loại chuối. Nó là một loài thực vật khác với họ Thiên điểu (Strelitziaceae) và có tên khoa học là Ravenala madagascariensis.",5,"Chuối rẽ quạt là một loài thực vật khác với chuối và cọ, và không phải là một loại chuối.

","5



Câu hỏi: Tôi có thể sử dụng mô hình NLP để phân tích các bình luận trên một trang web không?

Trả lời::: 
Đánh giá: Câu hỏi này có thể giúp các nhà phát triển NLP hiểu cách sử dụng các mô hình NLP để giải quyết c","Câu hỏi này có thể giúp các nhà phát triển NLP hiểu cách sử dụng hệ sinh thái Hugging Face để tối ưu hóa các mô hình NLP.
",5,"Câu hỏi này rõ ràng và có thể hiểu được mà không cần bất kỳ thông tin bổ sung nào.
"
"Tre mạnh tông
Tre Mạnh Tông, tên khoa học Dendrocalamus asper, là một loài thực vật có hoa trong họ Hòa thảo. Loài này được (Schult.) Backer mô tả khoa học đầu tiên năm 1927.",Khi nào Tre Mạnh Tông được mô tả khoa học đầu tiên?,Tre Mạnh Tông được mô tả khoa học đầu tiên năm 1927.,5,"Đây là một câu hỏi rõ ràng và có thể trả lời với bối cảnh đã cung cấp.
","1

Bạn có thể tìm thấy câu trả lời khác của người khác tại đây:
https://platform.openai.com/examples/Brown-P-5","Câu hỏi này không liên quan đến việc xây dựng ứng dụng NLP với hệ sinh thái Hugging Face.
",5,"Câu hỏi này rõ ràng và có thể hiểu được mà không cần bất kỳ thông tin bổ sung nào.
"
"Sầu riêng
Durio zibethinus (được gọi là Sầu riêng Đông Nam Á) là loài thực vật thuộc chi Sầu riêng phổ biến nhất.",Loài thực vật thuộc chi Sầu riêng nào là loài phổ biến nhất?,Durio zibethinus (Sầu riêng Đông Nam Á) là loài thực vật thuộc chi Sầu riêng phổ biến nhất.,5,"Câu hỏi được đặt rõ ràng và có thể trả lời được với bối cảnh đã cho.
",1,"Câu hỏi này không liên quan đến việc xây dựng các ứng dụng NLP với hệ sinh thái Hugging Face.
",5,"Câu hỏi này không phụ thuộc vào bất kỳ thông tin bổ sung nào, vì vậy nó có thể được hiểu rõ ràng với một người có kiến thức về các loài thực vật.

"
"Kỹ thuật cắt tỉa cành và tạo tán cho cà phê
Cắt tỉa và tạo tán là kỹ thuật quan trọng trong việc trồng và quản lý cây cà phê, giúp cải thiện chất lượng và năng suất của cây. Tuy nhiên, quá trình cắt tỉa cần thực hiện vào thời điểm trước khi tiến hành bón phân và trước khi mùa mưa bắt đầu.

**Tạo hình cơ bản**: Cắt tỉa các chồi mọc từ gốc hoặc từ chồi nách của thân cây, và cần thực hiện cắt tỉa đều đặn để mỗi hố chỉ có một thân chính. Hãm ngọn cây ở độ cao 1,6 -1,7m.

**Tạo hình nuôi quả:** Loại bỏ các cành thấp cách mặt đất khoảng 20-25cm để cải thiện sự thông thoáng cho cây. Cần cắt tỉa các cành yếu, dập, và bị nhiễm bệnh sao cho mỗi đốt cây còn lại 3 cành dự phòng. Đồng thời, cắt tỉa các cành ngắn ở phía trên để đảm bảo ánh sáng có thể trải đều cho các cành ở phía dưới, từ đó tối ưu hóa hiệu suất trong quá trình trồng và chăm sóc cây cà phê.",Khi nào là thời điểm tốt nhất để thực hiện kỹ thuật cắt tỉa và tạo tán cho cây cà phê?,Thời điểm tốt nhất để thực hiện kỹ thuật cắt tỉa và tạo tán cho cây cà phê là trước khi tiến hành bón phân và trước khi mùa mưa bắt đầu.,5,"Câu hỏi này rõ ràng và có thể trả lời được với bối cảnh đã được cung cấp.
",1,"Câu hỏi này không liên quan đến xây dựng ứng dụng NLP với hệ sinh thái Hugging Face.
",5,"Câu hỏi này không phụ thuộc vào bất kỳ thông tin bổ sung nào, vì vậy nó có thể được coi là độc lập.

"
"Lục bình
Đang cập nhật data về cây trồng này. Bạn có thể sử dụng tính năng đóng góp dữ liệu để giúp chúng tôi cải thiện mô hình nhận dạng ..",Lục bình có phải là loại cây trồng nông nghiệp?,Lục bình là một loại cây trồng nông nghiệp. Nó thường được trồng để sản xuất bột để làm bánh và cũng được sử dụng để chế biến mỹ phẩm và thuốc.,3,"Câu hỏi có thể được trả lời với bối cảnh đã cho, nhưng câu trả lời có thể không chính xác vì dữ liệu chưa được cập nhật.
",1,"Câu hỏi này không liên quan đến việc xây dựng ứng dụng NLP với hệ sinh thái Hugging Face.
",5,"Câu hỏi này không phụ thuộc vào bất kỳ thông tin bổ sung nào, vì lục bình là một loại cây được biết đến rộng rãi.
"
"Hồ tiêu
**Hồ tiêu** còn gọi là **tiêu ăn**, **cổ nguyệt**, **hắc cổ nguyệt**, **bạch cổ nguyệt** (danh pháp khoa học: *Piper nigrum*) là một loài [cây leo](https://vi.wikipedia.org/w/index.php?title=C%C3%A2y_leo&action=edit&redlink=1) [có hoa](https://vi.wikipedia.org/w/index.php?title=Th%E1%BB%A5_v%E1%BA%ADt_c%C3%B3_hoa&action=edit&redlink=1) thuộc [họ Hồ tiêu](https://vi.wikipedia.org/wiki/H%E1%BB%8D_H%E1%BB%93_ti%C3%AAu) (*Piperaceae*), trồng chủ yếu để lấy [quả](https://vi.wikipedia.org/wiki/Qu%E1%BA%A3) và hạt, thường dùng làm [gia vị](https://vi.wikipedia.org/wiki/Gia_v%E1%BB%8B) dưới dạng khô hoặc tươi.",Làm thế nào để trồng hồ tiêu?,"Để trồng hồ tiêu, bạn cần chuẩn bị một vùng đất mềm, đủ độ ẩm và được trồng trọc. Sau đó, bạn trồng hạt hồ tiêu vào đất và chăm sóc chúng đều đặn. Hạt hồ tiêu sẽ phát triển thành cây leo và bắt đầu tạo ra quả sau khoảng 3-4 tháng.",5,"Câu hỏi này rõ ràng và đơn giản.
",1,"Câu hỏi này không liên quan đến việc xây dựng ứng dụng NLP với hệ sinh thái Hugging Face.
",5,"Câu hỏi này không phụ thuộc vào bất kỳ thông tin bổ sung nào, vì vậy nó có thể được coi là độc lập.
"
"*- Cách trồng và chăm sóc lan Vanda:* Để có những giò lan Vanda tốt cần phải đảm bảo các điều kiện sau

+ Nhiệt độ và độ ẩm:.nhiệt độ từ 25 – 30 độ C là tốt nhất để lan Vanda sinh trưởng và phát triển. Nếu ở nhiệt độ nóng hơn bạn cần che mát cho cây, còn nếu nhiệt độ lạnh hơn cần thắp đèn cho lan để tăng nhiệt độ .Độ ẩm cần thiết để cho lan phát triển tốt khoảng 70% – 80%, nếu ko Van đa sẽ bị héo lá và yếu dần.

+ Nước:.để đảm bảo được độ ẩm cao giúp cây phát triển tốt cần tước nước nhiều đặc biệt là mùa khô. Đối với các nhà vườn bạn cần phải tưới ngày 2 đến 3 lần đặc biệt trong mùa nắng nóng hiện nay nước bốc hơi rất nhanh nên cần phải tưới nhiều có khi đến 5 lần để đảm bảo độ ẩm tốt cho cây phát triển

+ Ánh sáng:.Lan Vanda thuộc dòng ưa sáng và nở hoa khi có ánh sáng nhiều. Ngoài ra ánh sáng cũng giúp diệt trừ nấm mốc gây hại, giúp cây phát triển tốt hơn. Nhưng cũng không nên để ánh nắng chiếu trực tiếp ở nhiệt độ cao sẽ làm cây cháy lá.

+ Phân bón và thuốc trừ sâu:.lan Vanda là loại lan có nhu cầu phân bón cao có thể bón các loại phân hữu cơ hay phân dê, phân bò khô đều tốt. Thời kì gần ra hoa, chú ý bón thêm phân N.P.K bổ sung dinh dưỡng cho cây.

+ Thay chậu và nhân giống:.Khi cây Vanda sinh trưởng và phát triển tốt gây mất cân đối giữa cây và chậu, cần thay chậu để đảm bảo cho cây phát triển tốt. Thích hợp nhất cho việc thay chậu là vào đầu mùa mưa. Và sau khi thay chậu ta cần phun dung dịch kích rễ N3m hoặc ANA để cây có bộ rễ khỏe đáp ứng đủ yêu cầu cần thiết. Đối với Vanda rừng việc nhân giống là thuần hóa từ những cây đưa từ rừng về và đẻ tự nhiên. Còn đối với Vanda cấy mô chúng ta thường mua cây còn rồi nuôi lớn và sinh trưởng",Làm thế nào để chăm sóc đúng cây lan Vanda?,"Để chăm sóc đúng cây lan Vanda, bạn cần đảm bảo các điều kiện sau: nhiệt độ từ 25 – 30 độ C, độ ẩm khoảng 70% – 80%, tưới nước nhiều, ánh sáng nhiều, bón phân hữu cơ hoặc phân dê, phân bò khô, thay chậu và nhân giống khi cây sinh trưởng và phát triển tốt.",5,"Câu hỏi có thể trả lời rõ ràng với bối cảnh đã cho.

",1,"Câu hỏi này không liên quan đến xây dựng ứng dụng NLP với hệ sinh thái Hugging Face.
",5,"Câu hỏi này rõ ràng và có thể hiểu được mà không cần bất kỳ thông tin bổ sung nào.
"
"Đối với cây trồng ở văn phòng và trong nhà thì cần tưới nước cho cây 2 lần/tuần và thay nước 1 tuần/lần.

**- Liên kết ngoài:**

1: <https://webcaycanh.com/cay-co-lan-chi/>

2. <https://vietnamnet.vn/cong-dung-y-nghia-cua-cay-lan-chi-nguoi-sanh-choi-cung-chua-chac-biet-630091.html>

3. <https://wikicaycanh.com/cay-day-nhen-co-lan-chi.html>",Mỗi bao nhiêu tuần cần tưới cây lan chi ở văn phòng và trong nhà?,Cây lan chi ở văn phòng và trong nhà cần tưới nước 2 lần/tuần.,5,"Câu hỏi này có thể trả lời rõ ràng với bối cảnh đã cho.

",1,"Câu hỏi này không liên quan đến xây dựng ứng dụng NLP với hệ sinh thái Hugging Face.
",5,"Câu hỏi này rõ ràng và độc lập với bất kỳ bối cảnh nào. Nó không yêu cầu thông tin bổ sung để được giải thích.

"
